generation,h2_HE_edu,h2_HE_height,h2_HE_wealth,h2_true_edu,R2_edu_from_edu_PGI,R2_edu_from_height_PGI,h2_true_height,R2_height_from_edu_PGI,R2_height_from_height_PGI,h2_true_wealth,R2_wealth_from_edu_PGI,R2_wealth_from_height_PGI,var_edu,var_height,var_wealth,r_score_edu_height,r_score_edu_wealth,r_score_height_wealth,rg_HE_edu_height,rg_HE_edu_wealth,rg_HE_height_wealth,r_beta_edu_height,r_beta_edu_wealth,r_beta_height_wealth,seed
0,0.010007569730456507,0.5972666637913143,-0.0005561465521527248,0.009789785189318964,0.010233522685535344,1.2915419067622003e-06,0.5986758152754728,1.3438365856122889e-05,0.6032517800332601,0.0,1.8776704410952696e-07,1.4546859990961392e-06,1.0029053702987678,1.0050970484737418,0.995971492462963,0.0030293864951991484,,,-0.004576844022974729,-0.10720034145031482,-0.06336143579044884,0.005136964240821942,-0.009645491172408309,-0.008062451340723904,1
1,0.036365533140761575,0.6486953335583616,0.012920698972217377,0.0075815925805340694,0.018680253220819336,0.012141951059290964,0.615438839463883,3.142515630597568e-05,0.616250611881207,0.0,0.00010712635275942047,0.0071327567010452675,1.2967213382204632,1.040752849496977,1.1319366427050246,0.01183871874603752,,,0.5952558856005244,0.6951558018080436,0.7627754189725372,0.5033907172871565,0.6117393424249101,0.5189455661095826,1
2,0.05359277747726026,0.6706192849188021,0.025234832393281958,0.004844000215040362,0.017886926524830482,0.025079189229361733,0.6221274278041388,0.00026677621441854063,0.621234996508377,0.0,0.0004297810354619342,0.015575122435015826,2.021939448755979,1.0528680176219065,1.2752346429809909,0.01647006740816195,,,0.7243968018920746,0.8652423209745862,0.8221779551181964,0.642836897752618,0.802150714943669,0.6529218433981675,1
3,0.06705701583070449,0.6830028774357164,0.036440418102452854,0.0035209087657544547,0.016338127153549473,0.036237277794310956,0.6235781977377552,0.00014078086233547968,0.6263912035900702,0.0,0.0006547806368997894,0.023999949576375995,2.7764110040467798,1.0634531901513986,1.4062491948609481,0.014736999624087813,,,0.7836103434721257,0.9164823455319763,0.8601468228103808,0.7138405498830004,0.8717535738765215,0.728994269331155,1
4,0.07620893893384979,0.6781924493853728,0.04413934403049593,0.0028618056585100263,0.014729141573234983,0.043579075155158443,0.6260327486527569,0.000167066093460734,0.6212960671932266,0.0,0.0007920951050106038,0.03031283905572201,3.4608606836937534,1.0598030093957005,1.5160656417214453,0.016165477195397286,,,0.8047442725934282,0.941774249614779,0.8748592281165988,0.7425591527969894,0.9033590518740533,0.7597159617628603,1
5,0.0821183037331424,0.682164830728987,0.048727442586000216,0.0024331168145499942,0.013259663415044918,0.049486559351576226,0.6266239584032609,0.00013321881407938715,0.6235731974592746,0.0,0.0007130254127838484,0.034229326596815234,4.054964260804054,1.0612881251574375,1.600380016076396,0.017567643004531754,,,0.8265530634415328,0.9510690195474657,0.8873700911302138,0.7632936594463278,0.9158044236705927,0.7766903505561076,1
0,0.009907366038945107,0.5961732965230384,0.0006407898084027253,0.01019537749377984,0.00990032217878371,2.4141856670385475e-06,0.5942328207948465,0.00015993768960565713,0.5955271949408293,0.0,6.948842812758157e-07,2.051371076808867e-05,0.9968395237922735,0.9908731671594802,1.0017645586205142,-0.014478753144316476,,,-0.014360586280386,-0.052865036026936346,0.15312533698690148,-0.019111166438868305,-0.00503588433748434,0.03557755157261497,2
1,0.03759731214868162,0.6466875704590871,0.013480121440043907,0.00785113306508981,0.018538080037336972,0.011969670629020235,0.6098180834165711,3.634419250363375e-05,0.6107026455124566,0.0,4.152326001200735e-05,0.007071613775250409,1.2926901277034666,1.019649296872344,1.1363028289768675,-0.010381118828295401,,,0.5930670551895049,0.6856386071015784,0.7484461960022915,0.493667996040859,0.6105814621785532,0.5126561296198178,2
2,0.05598329077085868,0.6556779679793123,0.026874592704693823,0.005034465715516176,0.016493142853399315,0.024861217510205685,0.6153242858930991,1.2707329196917639e-05,0.6106228136764287,0.0,0.00020315217156452984,0.016778931505533015,2.0195911467442205,1.0269453635928323,1.284885496073246,-0.010187273152085926,,,0.7041122193192423,0.8664054242224427,0.8258780830695613,0.6213245276546195,0.8093333355890134,0.6578457107942052,2
3,0.06704361308513623,0.668690921559522,0.036865820244477605,0.0036607082114796553,0.01527997473841415,0.03504793867101707,0.6164199003592993,2.4849370052080235e-05,0.6140980407265231,0.0,0.0004527936130663758,0.02389679868103063,2.792767127042285,1.039622592045018,1.407816556907465,-0.003678212582250122,,,0.7647335977122138,0.9111420937128735,0.8478806425310246,0.6932903774785334,0.8656715634487844,0.7117189182602064,2
4,0.07755346435141033,0.6749653611500348,0.047035833438502345,0.0029525276126013307,0.013801859649218517,0.04288780669860448,0.6156454502603284,4.410638926823416e-06,0.6164627277827411,0.0,0.0006459967809209963,0.03009874865103489,3.486631863270016,1.0444744401057469,1.521774528434663,-0.00045762442421846847,,,0.7932089628285622,0.9397585206580805,0.8510405290972267,0.723382961171178,0.9025523624712546,0.7370198039177298,2
5,0.08365982871258619,0.6864715101687071,0.04986536411584177,0.0024877441584330003,0.013332908757956603,0.04886712439106055,0.6155239590565629,2.266032648727246e-06,0.6203536273862424,0.0,0.0007009231113610613,0.0336773294223422,4.099522868978257,1.0565941908071763,1.6161816081348246,-0.006519628081811216,,,0.8192100965541212,0.9492334617064462,0.875399644498001,0.755607632218416,0.913697595342401,0.7646476683824053,2
0,0.010037305879702764,0.6073651767142846,0.00040197418083779036,0.009476516810368091,0.009606461263591564,2.1753822188975158e-07,0.6078084801354683,2.550070150302722e-05,0.6076141853340549,0.0,1.2204216751652436e-06,2.1440333216394715e-07,0.998529285215238,1.0108944576269088,0.9970064888067282,0.005765914976766331,,,0.0073130968743755475,0.08752484278252874,-0.02569709447355709,0.003404625305792864,0.01174184438901806,-0.00899907623724311,3
1,0.03837098992286956,0.653396533658895,0.013097114740677297,0.007304550436672063,0.017745376473626454,0.013669079637013136,0.6184364404415927,6.81696803213105e-05,0.6191251959051326,0.0,0.00013776292828973817,0.006662912663677655,1.2871595600322692,1.0476779989121925,1.1343812028777842,0.009843521088642889,,,0.6206059805052614,0.7095521062729011,0.729637166359257,0.5210574732676347,0.6179913666893438,0.4893403623426037,3
2,0.05566724436384693,0.6716043183719462,0.02552213380869221,0.004707695306271299,0.018203505429382462,0.024534089418721657,0.6227461133003734,0.00018605440681198268,0.6222746420896696,0.0,0.0004130771567397699,0.014751268959342475,2.016618114742623,1.0647310565170691,1.2827136309893687,0.01652819204360983,,,0.7042841519693652,0.853020858563011,0.8008220301194856,0.6186388848221134,0.7927596801364548,0.6291099690333386,3
3,0.06715629534559789,0.6816815851132272,0.037214805122916327,0.0033971885704852656,0.015926988788210573,0.034323992161956106,0.6242606030952486,0.0002493402868746467,0.6271466401122358,0.0,0.0005635363905869713,0.023081754704805654,2.7699978690678537,1.0695633291675033,1.411115298152419,0.0170953992330318,,,0.7578478197570143,0.9124924878521175,0.8317743706286739,0.6792067274356927,0.865487854741039,0.6948286231432962,3
4,0.07465378733707573,0.687483272637621,0.04588188160752195,0.0027198132717544147,0.014142287756584528,0.04192559051254584,0.6264375924460249,0.00026731987090171773,0.6286870254503114,0.0,0.0007934079222057481,0.029216704630199694,3.463162627626311,1.073053130974424,1.5205703203558372,0.017073889161651826,,,0.7972304757658566,0.9402211335456458,0.8447696132577035,0.721966349012947,0.8995206312295707,0.7262260835112752,3
5,0.0824035064829378,0.6925630958984337,0.05113949195958191,0.0023443750907473646,0.012777623778640125,0.04885595773897529,0.6306515604214487,0.00020245822516416992,0.6274046741868089,0.0,0.0006658804141276364,0.03411770929672753,4.0369514969440985,1.0745024880211735,1.6084207153132037,0.019845213405167518,,,0.822375586647001,0.9488381899668761,0.8696447350946607,0.7540803920103369,0.913082915972323,0.7573780397738112,3
0,0.00978615513602913,0.5859172541226365,5.231675343578188e-05,0.009863612006916761,0.009834731665771842,7.2067242595651836e-06,0.5861226540384324,0.00023986490417619584,0.5859082008140918,0.0,1.631374369643423e-06,2.9808775832557496e-07,0.9984319424738851,0.9653726985098675,1.003750743794285,0.02218024089333757,,,-0.024960294747753096,-0.394670472314493,0.041225295339557405,-0.021645952257069914,-0.02071599606301081,0.0066343058726075895,4
1,0.040343877578563,0.6408709958484693,0.012882564621385224,0.007589022596298292,0.021137524533316847,0.01381271413586838,0.6009299048585888,0.0008174849805771588,0.6007919609971396,0.0,0.0001744379915366512,0.0073758030892871855,1.2973736515701,1.0034886381105959,1.1461449446547751,0.03325115848997779,,,0.6191987971303413,0.7275562961455458,0.7913830518093651,0.5261260371867353,0.6256315573286076,0.5399978622527095,4
2,0.05862805132350744,0.6533584278835868,0.027717470858462285,0.004858236493158355,0.018955502583502634,0.028188446574228147,0.6068348871353476,0.0011613694825266243,0.6043700471357544,0.0,0.000488037338366976,0.017840466184753597,2.0342311602940715,1.0051445487052817,1.2922964972039224,0.042254098633638555,,,0.7373825134025325,0.8777832804601168,0.8436466822784944,0.6576112459627709,0.8175446718676286,0.6745638568637451,4
3,0.06960043698754227,0.6610107470697169,0.03750820478572486,0.0035159547903275724,0.016997114758616812,0.03810268716123967,0.60635533574562,0.0008857761386741688,0.6053607611687543,0.0,0.0008146890720730875,0.02494861435865903,2.8017996824277205,1.017901616856727,1.4154525648833454,0.036040115653000554,,,0.7888393435470114,0.9164791007989186,0.8626094267401339,0.7127853130025074,0.8697868712354677,0.7252904499299168,4
4,0.07809017770860067,0.673264286123756,0.045643039139386374,0.0028447277837805765,0.01606216010015139,0.0450935164527052,0.6071119504455035,0.0009165907741880622,0.6109609123191277,0.0,0.0012755146329166578,0.030225363691911537,3.477218547425346,1.025443013583448,1.5189527790243904,0.03811410013459991,,,0.8126380540749082,0.9447770997672099,0.8681044959639872,0.7408310240360486,0.9042073548444255,0.7495737418318507,4
5,0.08222754302516425,0.6685386494625104,0.04898292915597122,0.002441949658451956,0.014483738607227065,0.049859486849094026,0.6100553450287874,0.0009846659407164958,0.6083320387666881,0.0,0.0010585194436897273,0.033487014147564394,4.0576570599724935,1.0181430735730501,1.601641059937774,0.04133139027539615,,,0.829568043087371,0.9491197765183799,0.8786748179648831,0.7581843403568501,0.9137150501748903,0.763274933962309,4
0,0.008773733331706774,0.592929785343946,0.0006860637240573304,0.009333129813776313,0.009503502648848828,2.7908697549226057e-08,0.5948688902560123,6.824556062686201e-05,0.5950306609168999,0.0,3.6442821228564843e-06,2.722945241922679e-06,0.9932521108878307,0.9909068256230763,0.9982961006059435,-0.00915111314188402,,,-0.003222132547404269,-0.05626821214956452,0.06921613278501093,-0.0024422977232647094,-0.02378111414143528,0.021390820662751345,5
1,0.037964020298233876,0.6563607357236549,0.014559577849668713,0.007236440908890455,0.018497645963594746,0.012568409204067037,0.6148995627724194,7.705867623531918e-06,0.6146596901738666,0.0,0.00017277527737605259,0.006843475933659591,1.280695287587696,1.02952944373816,1.1382047911842692,0.002595281328720222,,,0.6073092082898007,0.7150376283265453,0.7163836568760326,0.5174862375149489,0.6312349461410226,0.5081669253919772,5
2,0.05425913567674551,0.6711057919572426,0.027550961737223024,0.004644954554927738,0.01609173411673757,0.024818584075668285,0.6132793746820321,1.05289646027621e-06,0.6186061802134194,0.0,0.0003426467970040163,0.016109263162147013,2.0071923553497735,1.0480340756738633,1.279393971542494,-0.002545256838542697,,,0.7146482429074096,0.8697276661713775,0.8057094168778012,0.6362503375737174,0.8111631788563451,0.6475438808501122,5
3,0.06623765708461844,0.678358734097698,0.037936254166423135,0.00340402437272439,0.013698993292151735,0.03460262233920345,0.6152060157379711,2.721808001593731e-07,0.6189631978637326,0.0,0.00035542725034911395,0.024737576817233688,2.7569973034565063,1.0555583243439233,1.4034462585265841,-0.0017522747863621144,,,0.7661562011705279,0.9176134395846325,0.8524589347179173,0.6938569842785762,0.8726213444750038,0.7167222106152139,5
4,0.07546685709046749,0.6819008589387439,0.04476809243847071,0.0027080994827166282,0.011657493184388155,0.04297405591768667,0.6192712449443706,1.7917899038330993e-06,0.6200029611187317,0.0,0.00028408694857325517,0.03011824393481503,3.4482429423928864,1.0512573208045959,1.5055929945224085,0.0010148595361893333,,,0.8026850789485039,0.9399685629545251,0.8679537914934359,0.7346241490820962,0.8999026033984362,0.7445543790058965,5
5,0.08110873214951993,0.6782901065660251,0.05049488548061313,0.0023195805812641383,0.01045194013125478,0.04877545547772701,0.6193709071738618,3.6623180486143658e-09,0.6171106188457907,0.0,0.0003558155082458796,0.0342234692617651,4.027561459818991,1.0503757656627006,1.5980088750404813,-0.0009126244049422438,,,0.8257040873372332,0.9535185497629902,0.8736470703526814,0.7562015581289847,0.9188807703085519,0.7623898315023363,5
0,0.010225285407474022,0.5773169977641301,-0.000786899725188345,0.009800345938174974,0.009924073867402605,3.177505185449074e-05,0.5800729365936115,0.0004297530908437183,0.5815636384237654,0.0,3.408527119926322e-05,1.0202117778515193e-05,0.9997014097600782,0.9540328400823558,1.004171726521805,0.029279034763179463,,,0.05601891324767558,-0.11351960908712147,0.15194437021907106,0.017578383572643817,-0.011152735412637067,0.04455600150734299,6
1,0.03892937358359246,0.6281561043743479,0.013667717156889563,0.0076023827970536795,0.018610286746498127,0.014002169423769854,0.5951117283381921,0.0009610886083299307,0.5939876640232867,0.0,0.00011587068823192494,0.007613202450433745,1.294037062105552,0.9910675630236069,1.1422611829105356,0.038440147894250064,,,0.6315621829548571,0.6978214951319264,0.7850459016624824,0.5283902231276704,0.6183898729139569,0.5408635500859398,6
2,0.05595274601139654,0.6524983777601783,0.027431524513020354,0.004805371817569664,0.018126297003012687,0.026377792348344788,0.5993279533739795,0.0009398795751428685,0.603142901431187,0.0,0.0005527138860543057,0.017022681104073633,2.038521740422625,1.0063188038823152,1.289717400599757,0.03862903430557305,,,0.7187114996629329,0.8767873262863377,0.8235316932526116,0.6340423285824431,0.8167237187137061,0.6599731868889068,6
3,0.06931431312692277,0.6552157539522263,0.037156342701435086,0.0035146726828571883,0.01769516422134971,0.03681798543752417,0.6040646646815077,0.0008778337362790498,0.6020165299657559,0.0,0.0008287915799554482,0.024085525818695233,2.795306260897046,1.0039796910306573,1.4092356890870306,0.040193593308411366,,,0.7699502299273675,0.9136449639086668,0.8477003278912086,0.6931794614595658,0.8685568361461363,0.7146575272184101,6
4,0.07683712914881308,0.6612421601003016,0.043592375426346766,0.0028045481827194117,0.016632544754694705,0.04370814034945234,0.6073316039042517,0.0007838331850555533,0.6056890282206363,0.0,0.0012256760720529094,0.0292058465572774,3.5035090223354595,1.0003199981927213,1.519769939827988,0.04034740541018455,,,0.7998070227661336,0.939161303942419,0.8665897191260057,0.7254631801269396,0.8991647458434624,0.7431138987640821,6
5,0.08403801192685285,0.661474020249093,0.05035706291780109,0.0023865665338204146,0.015455281419788783,0.049411687008066314,0.6034221416381153,0.0011147505011365477,0.6051399773099823,0.0,0.0012960943850610675,0.03308854149739334,4.10247734620589,1.009095483970859,1.6120309948429634,0.040748377556883215,,,0.8174786856332035,0.955500905545492,0.8579172277291321,0.7493565029956458,0.9186111122522855,0.750663208200447,6
0,0.01052413749457039,0.5965735501702188,9.704714878951343e-05,0.010085863984062603,0.010828159106554344,3.476139940115553e-08,0.5935922127935194,3.51471162799292e-08,0.5968172728865412,0.0,1.026231358990299e-09,4.615294716022597e-06,1.0031236752186408,0.9877957488690299,1.0014267261245395,-0.00177314839247445,,,0.005359659086374132,0.02674580994594814,-0.20253104032824107,0.008475245085834816,0.0030818015818177397,-0.012252204626978487,7
1,0.03715421543660195,0.654036083437085,0.013071040522734991,0.00783024630539896,0.0186980527210962,0.012784589930418706,0.60852387437642,1.5266776062903745e-05,0.6116994960096697,0.0,5.861206789458272e-05,0.006906537895707579,1.2891805609867608,1.0292059021837332,1.1389391912773847,0.006374163860937204,,,0.6163461573684843,0.6773376416343969,0.7618971745511147,0.5216784479414583,0.6088250865787922,0.5197153581278185,7
2,0.05558063857388464,0.6712973089490684,0.027193169903758252,0.0050159723052152815,0.016798337700378144,0.026647296207842952,0.6123746219260485,6.457302769215226e-05,0.6139277377817701,0.0,0.00022548717747604603,0.016458222601387983,2.0129572546746948,1.045501332522116,1.283778148830455,0.008329289198833774,,,0.733207924855193,0.8635838955017029,0.8201966086619975,0.6568658893751356,0.8103777313304218,0.6604489962541809,7
3,0.06672232805077646,0.6728903459424498,0.03546220426855142,0.0036629279447929312,0.015260801530015192,0.036210595171752284,0.6168454549486563,4.0359811721064135e-05,0.6161750267827264,0.0,0.00035666656338463967,0.02371295854840843,2.769636988288752,1.0377349518394265,1.4082627931878966,0.0068347466332369915,,,0.7800555169415097,0.9156767539569924,0.8583146347381053,0.7110668423901515,0.8704808929802809,0.7193634891376213,7
4,0.07372703690611597,0.6687701649467738,0.0421862710973264,0.0029329939302931603,0.012764308979372434,0.04270400074729247,0.6131694291620163,3.711577671695832e-05,0.6140776273229845,0.0,0.0004515516278801861,0.028275289909479237,3.448069232679355,1.042263674914803,1.516858691252005,0.007287653331596787,,,0.8082071851807696,0.9408008378413959,0.8664155291434829,0.740880925089796,0.9014956987443495,0.7447511317489304,7
5,0.08069403585700081,0.6763461674708656,0.048660794438672536,0.002521715968048701,0.0122647496658608,0.04748647090459906,0.6163455232465406,5.078765588821725e-06,0.6142736072914147,0.0,0.0005160372561042143,0.03247640398760577,4.0193803467364235,1.0471758211406805,1.6026857613759855,0.00745300395907323,,,0.8142786863722846,0.9457003674011001,0.8637037314067081,0.7509700867848939,0.9128629999403626,0.7534974724027378,7
0,0.011208118037350069,0.6027158421769346,8.927515411122366e-05,0.010421880522545966,0.010203962463331176,1.218081038944265e-05,0.5994682857061916,3.0446597901463182e-05,0.604200837668944,0.0,2.3053077998905334e-06,1.1120883222540237e-05,1.0089889930343745,1.0091196866009078,1.0012900331607344,-0.006829573038923896,,,0.030698311154287405,0.11792066976157763,-0.30092939503094956,0.016151183307922205,0.0149399211097411,-0.029068222572853516,8
1,0.038435310602241306,0.6569207923029936,0.0122151885668339,0.008098720364301024,0.01978461667717315,0.012226701845630666,0.6154815032228391,2.3257452314860325e-05,0.6169009753361193,0.0,0.00010183952864876627,0.006457003707146079,1.3005937527046385,1.0483214000011487,1.1384530304445455,0.004311578496819939,,,0.5931564397421111,0.6990213131822202,0.7537902659601523,0.5021636032622558,0.6181451880495522,0.5041052524439659,8
2,0.053893074293305386,0.6747848360236214,0.0244434361076068,0.005195715611563124,0.018593523577606585,0.0240205479157724,0.6209769012023216,4.568736198759577e-05,0.6218777740776689,0.0,0.00029838422597386306,0.015189351159013188,2.0332532283197877,1.057250241702609,1.2873002844304648,0.01048344467757056,,,0.7078459721207501,0.8454987024180943,0.8279051413855113,0.6241015564333169,0.7903132782834468,0.6515303276706464,8
3,0.06564335353654455,0.6791048849641453,0.034790565949502035,0.0037601433879214455,0.01713616911507483,0.0335979154161943,0.6206720529045506,6.259501524444234e-05,0.6235976242993055,0.0,0.0005539421553930868,0.022861865149443918,2.7988541522306987,1.062557586912231,1.4126059347553632,0.00847949296045866,,,0.7634622768374596,0.9039507332770207,0.8521632549045391,0.6875921938492071,0.8595306035849334,0.7129666994659803,8
4,0.07622253863058014,0.6839621316441835,0.044569857194552295,0.003029471367870098,0.0147245295453646,0.04261954990064656,0.622045047304371,5.467790505496501e-05,0.6248237847079278,0.0,0.0005811919175416184,0.029439179067546936,3.4712998324423574,1.0668516006864133,1.5076849714131402,0.009929941232923414,,,0.7975626582600243,0.931496567797462,0.8607514897513461,0.7286539744811056,0.8936474694047434,0.7433059905392614,8
5,0.08477603939678675,0.6836355052809646,0.05065200566709339,0.0026030947676693476,0.014683521849128337,0.04854543676435334,0.6247664307825003,3.874531295532325e-05,0.6227982050863679,0.0,0.0008820112940204186,0.03360309337338952,4.0516157194184546,1.0627876423086524,1.603462906653127,0.005982258198967727,,,0.8087676717439337,0.9466180001330214,0.8654344016331618,0.7463851223099333,0.9122078440354163,0.7610330688787952,8
0,0.009906754356631282,0.6172612535951694,-9.147011846254863e-05,0.009362594862031419,0.009481337860197041,6.514753309604454e-07,0.6119992052266079,8.435615352914123e-05,0.6131173030377804,0.0,2.292508018977263e-05,2.8166653697026995e-06,0.9981148995493693,1.0381384406706486,0.9979978961005028,0.01219359426615242,,,0.008531030027862457,-0.9058476853187046,-0.1343283020721447,0.003582603978578487,-0.053706514331834945,-0.02515289799019115,9
1,0.036228817923400276,0.6667690791931451,0.013682941411650301,0.007237512330248657,0.01747911436367545,0.013465383417590075,0.6237228019626693,0.0002560015225314018,0.6266923694246578,0.0,0.000182935022094986,0.007778360390257733,1.2933983360897483,1.0776860588324768,1.1386773750941326,0.01814293018139308,,,0.6392183547408241,0.757139688009876,0.7869491315731967,0.5331187907384403,0.6495127895861487,0.5339170072825797,9
2,0.05478564032026723,0.680565898572499,0.027088129597568237,0.004588790587265661,0.016577834652473134,0.026888676835706643,0.6322421270266041,0.0001225192364870517,0.6298493206662944,0.0,0.0003604191309724625,0.01685114084933451,2.0276884639035893,1.0783016669541985,1.2863411090409174,0.015063722957348556,,,0.7362444728260983,0.8688400954737449,0.8280341193152934,0.6502993711219396,0.8073811203538994,0.6616453223651212,9
3,0.06571157605468711,0.6878484948761611,0.03719658343290856,0.0033348746617212627,0.014927916202368996,0.03643783690485258,0.626952524783057,0.00020145750748446322,0.6327867944094716,0.0,0.0006035449021471996,0.02453294044681734,2.7926964271980457,1.0926664606504464,1.4066709807556115,0.01684978937638491,,,0.7879927046656378,0.926901543081191,0.8559183488089888,0.7089708935076218,0.8778734616098206,0.7208823772341502,9
4,0.0745875967567135,0.6956131134249679,0.04622006214665435,0.002678778249917361,0.013162891092267166,0.04406348534243864,0.6338524281777187,0.00016610624782912656,0.6342356131133957,0.0,0.0005741801553941395,0.031534367857016826,3.470638476308202,1.0918444209835643,1.5135863324284857,0.016827145047053113,,,0.8171489058881783,0.9445022550158046,0.8757104949665807,0.7438605818574011,0.9046464017808592,0.7599845377966743,9
5,0.08205638324014433,0.7006219033940119,0.05017290766062576,0.002296616585247453,0.012439755089684678,0.050117543124876755,0.6368499215342494,0.00021991904273412064,0.6348155359686873,0.0,0.000638213821533387,0.03464435191423104,4.057595065333889,1.0947709975635378,1.6079543402886534,0.01655559395042826,,,0.8334614674892572,0.9515172554803683,0.8838107643541694,0.7659582077360226,0.9158609341747419,0.7752432534449466,9
0,0.010072097634927182,0.5883216066467377,-0.00010851737113526505,0.010181936205324333,0.010256557438101959,2.7844222295362185e-05,0.5849648763771843,0.00021049116669865934,0.5859285465893322,0.0,3.894442158046874e-05,1.4973503040364452e-05,0.9999437803214096,0.9637646148193624,1.0013981009733812,0.021351698516335775,,,0.056377401464489045,0.9026956779168087,-0.3789594148797951,0.03669669905714729,0.05011052059708068,-0.030020449692431693,10
1,0.03982308870841721,0.6399287802373994,0.012554764128423785,0.007901267886293403,0.02110235948830249,0.013632068187843046,0.5989523568959556,0.0005425150919695489,0.6002842159010925,0.0,0.0002423997679691348,0.006697682410784832,1.2971368129325556,0.9976362883482667,1.1460225859095663,0.030310261763724207,,,0.6107684319375704,0.7155498130733219,0.7500675243447817,0.5187998120239525,0.6246126008053642,0.5047198552089944,10
2,0.05631981795244532,0.6531770754799163,0.024686136341622412,0.005008674746758958,0.020122483933450126,0.026234474591904058,0.6023232052579001,0.0007740030527103376,0.6027515271521213,0.0,0.0007131259114361795,0.015942206820418702,2.039869907171092,1.0080565868181517,1.2885553817270219,0.036290723228178924,,,0.7183200856776762,0.8765266876501322,0.838119633929902,0.6377053775667767,0.810763759469542,0.6634740640412685,10
3,0.06644284194672491,0.659198312124824,0.03550754858160153,0.003614930321839636,0.018341504956245095,0.03494242275861158,0.602002783439719,0.001018638009031609,0.6057020533888671,0.0,0.0008257242164019724,0.023305152588439404,2.8069422135139384,1.014203202735215,1.4150384807677874,0.039137014107999246,,,0.7701156082611361,0.9082296098765227,0.852609072135599,0.6964149252419789,0.8654621797978143,0.7153826950344432,10
4,0.07379296466958503,0.6646224833336801,0.04089351814513969,0.0029064895797497937,0.01604602463639381,0.042108458661642145,0.6058194087821743,0.0008037553220028815,0.605927800553305,0.0,0.0007216610666436726,0.0279972474666821,3.5001453182150204,1.0168977563567465,1.5203233157073799,0.03701461256682333,,,0.8020645859188532,0.9319343087211694,0.8754599635178058,0.7311590766745465,0.8917046559862267,0.7482925550076919,10
5,0.08185080229950759,0.6649383239379559,0.05020451384825411,0.002508634490718269,0.014455059390956978,0.048402743596064224,0.6074104632636614,0.0008491174646659803,0.6066065170146783,0.0,0.0007794107026549365,0.03359740907353909,4.091340381408695,1.0118543752887856,1.6140396306695162,0.0366711916822636,,,0.8167888877464543,0.9439859298230333,0.8628470437194571,0.7496190339045821,0.9128861584203967,0.7542558989816902,10
